<?xml version="1.0" standalone="no" ?>
<hdf5_layout
    xmlns:xsi="http://www.w3.org/2001/XMLSchema-instance"
    xsi:noNamespaceSchemaLocation="../../../../../ADCore/XML_schema/hdf5_xml_layout_schema.xsd"
    >
  <global name="detector_data_destination" ndattribute="DataDestination"></global>
  <group name="entry">
    <attribute name="test_float_array" source="constant" value="1.3,2.9,3.4,4.8,5.234" type="float"></attribute>
    <attribute name="test_int_array" source="constant" value="1,2,3,4,5,6,7,8,9,0" type="int"></attribute>
    <group name="detector">
      <dataset name="data1" source="detector" det_default="true">
        <attribute name="test_att_1" source="ndattribute" ndattribute="ArrayCounter"></attribute>
        <attribute name="test_att_2" source="ndattribute" ndattribute="AcqTime"></attribute>
      </dataset>
      <dataset name="data2" source="detector">
        <attribute name="test_string_4" source="constant" value="testing2"></attribute>
        <attribute name="test_int_5" source="constant" value="2" type="int"></attribute>
        <attribute name="test_float_6" source="constant" value="9.87654321" type="float"></attribute>
      </dataset>
      <dataset name="data3" source="detector">
        <attribute name="test_att_3" source="ndattribute" ndattribute="ArrayCounter" when="OnFileClose"></attribute>
        <attribute name="test_att_4" source="ndattribute" ndattribute="AcqTime" when="OnFileClose"></attribute>
        <attribute name="manufacturer" source="ndattribute" ndattribute="CameraManufacturer" when="OnFileClose"></attribute>
        <attribute name="test_string_7" source="constant" value="testing3"></attribute>
        <attribute name="test_int_8" source="constant" value="3" type="int"></attribute>
        <attribute name="test_float_9" source="constant" value="5.46372819" type="float"></attribute>
      </dataset>
    </group>
    <group name="attributes">
      <dataset name="ArrayCounter" source="ndattribute" ndattribute="ArrayCounter"/>
    </group>
    <group name="instruments" ndattr_default="true">
    </group>
  </group>
</hdf5_layout>

