<?xml version="1.0" standalone="no" ?>
<!-- Attributes -->
<Attributes
    xmlns:xsi="http://www.w3.org/2001/XMLSchema-instance"
    xsi:noNamespaceSchemaLocation="../../../../../ADCore/XML_schema/NDAttributes.xsd"
    >
    <Attribute name="Min_0"   type="PARAM" source="ROISTAT_MIN_VALUE"  addr="0" datatype="DOUBLE" description="Minimum value"/>
    <Attribute name="Max_0"   type="PARAM" source="ROISTAT_MAX_VALUE"  addr="0" datatype="DOUBLE" description="Maximum value"/>
    <Attribute name="Mean_0"  type="PARAM" source="ROISTAT_MEAN_VALUE" addr="0" datatype="DOUBLE" description="Mean value"/>
    <Attribute name="Total_0" type="PARAM" source="ROISTAT_TOTAL"      addr="0" datatype="DOUBLE" description="Total"/>
    <Attribute name="Net_0"   type="PARAM" source="ROISTAT_NET"        addr="0" datatype="DOUBLE" description="Net"/>
    <Attribute name="Min_1"   type="PARAM" source="ROISTAT_MIN_VALUE"  addr="1" datatype="DOUBLE" description="Minimum value"/>
    <Attribute name="Max_1"   type="PARAM" source="ROISTAT_MAX_VALUE"  addr="1" datatype="DOUBLE" description="Maximum value"/>
    <Attribute name="Mean_1"  type="PARAM" source="ROISTAT_MEAN_VALUE" addr="1" datatype="DOUBLE" description="Mean value"/>
    <Attribute name="Total_1" type="PARAM" source="ROISTAT_TOTAL"      addr="1" datatype="DOUBLE" description="Total"/>
    <Attribute name="Net_1"   type="PARAM" source="ROISTAT_NET"        addr="1" datatype="DOUBLE" description="Net"/>
</Attributes>
    
    
